-- phpMyAdmin SQL Dump
-- version 5.1.0
-- https://www.phpmyadmin.net/
--
-- Host: 127.0.0.1
-- Waktu pembuatan: 25 Agu 2021 pada 11.57
-- Versi server: 10.4.18-MariaDB
-- Versi PHP: 7.4.16

SET SQL_MODE = "NO_AUTO_VALUE_ON_ZERO";
START TRANSACTION;
SET time_zone = "+00:00";


/*!40101 SET @OLD_CHARACTER_SET_CLIENT=@@CHARACTER_SET_CLIENT */;
/*!40101 SET @OLD_CHARACTER_SET_RESULTS=@@CHARACTER_SET_RESULTS */;
/*!40101 SET @OLD_COLLATION_CONNECTION=@@COLLATION_CONNECTION */;
/*!40101 SET NAMES utf8mb4 */;

--
-- Database: `learn_smkn4`
--

-- --------------------------------------------------------

--
-- Struktur dari tabel `kelas`
--

CREATE TABLE `kelas` (
  `id_kelas` int(11) NOT NULL,
  `nama_kelas` varchar(10) NOT NULL,
  `kompetensi_keahlian` varchar(50) NOT NULL
) ENGINE=InnoDB DEFAULT CHARSET=utf8mb4;

--
-- Dumping data untuk tabel `kelas`
--

INSERT INTO `kelas` (`id_kelas`, `nama_kelas`, `kompetensi_keahlian`) VALUES
(1, 'XII-RPL 2', 'REKAYASA PERANGKAT LUNAK'),
(2, 'XII-TFLM 2', 'TEKNIK FABRIKASI LOGAM DAN MANUFAKTUR'),
(4, 'XII-TKR 1', 'TEKNIK KENDARAAN RINGAN');

-- --------------------------------------------------------

--
-- Struktur dari tabel `pbo_pegawai`
--

CREATE TABLE `pbo_pegawai` (
  `nip` int(8) NOT NULL,
  `nama` varchar(100) NOT NULL,
  `jns_kel` char(1) NOT NULL,
  `tgl_lahir` date NOT NULL,
  `status` char(1) NOT NULL,
  `mulai_kerja` date NOT NULL
) ENGINE=InnoDB DEFAULT CHARSET=utf8mb4;

--
-- Dumping data untuk tabel `pbo_pegawai`
--

INSERT INTO `pbo_pegawai` (`nip`, `nama`, `jns_kel`, `tgl_lahir`, `status`, `mulai_kerja`) VALUES
(65465, '', 'L', '0000-00-00', 'B', '0000-00-00');

-- --------------------------------------------------------

--
-- Struktur dari tabel `pembayaran`
--

CREATE TABLE `pembayaran` (
  `id_pembayaran` int(11) NOT NULL,
  `id_petugas` int(11) NOT NULL,
  `nisn` char(10) NOT NULL,
  `tgl_bayar` int(2) NOT NULL,
  `bulan_dibayar` varchar(20) NOT NULL,
  `tahun_bayar` int(4) NOT NULL,
  `id_spp` int(11) NOT NULL,
  `jumlah_bayar` int(11) NOT NULL
) ENGINE=InnoDB DEFAULT CHARSET=utf8mb4;

--
-- Dumping data untuk tabel `pembayaran`
--

INSERT INTO `pembayaran` (`id_pembayaran`, `id_petugas`, `nisn`, `tgl_bayar`, `bulan_dibayar`, `tahun_bayar`, `id_spp`, `jumlah_bayar`) VALUES
(17, 1, '2021001', 12, 'Maret', 2021, 3, 50000),
(18, 2, '2021002', 5, 'April', 2021, 2, 50000);

-- --------------------------------------------------------

--
-- Struktur dari tabel `petugas`
--

CREATE TABLE `petugas` (
  `id_petugas` int(11) NOT NULL,
  `username` varchar(20) NOT NULL,
  `password` varchar(20) NOT NULL,
  `nama_petugas` varchar(20) NOT NULL,
  `level` enum('Administrator','Petugas') NOT NULL
) ENGINE=InnoDB DEFAULT CHARSET=utf8mb4;

--
-- Dumping data untuk tabel `petugas`
--

INSERT INTO `petugas` (`id_petugas`, `username`, `password`, `nama_petugas`, `level`) VALUES
(1, 'petugas', '123', 'coba petugas', 'Petugas'),
(2, 'admin', '1234', 'coba admin', 'Administrator');

-- --------------------------------------------------------

--
-- Struktur dari tabel `siswa`
--

CREATE TABLE `siswa` (
  `nisn` char(10) NOT NULL,
  `nis` int(10) NOT NULL,
  `nama` varchar(35) NOT NULL,
  `id_kelas` int(11) NOT NULL,
  `alamat` text NOT NULL,
  `no_telp` varchar(13) NOT NULL,
  `id_spp` int(11) NOT NULL
) ENGINE=InnoDB DEFAULT CHARSET=utf8mb4;

--
-- Dumping data untuk tabel `siswa`
--

INSERT INTO `siswa` (`nisn`, `nis`, `nama`, `id_kelas`, `alamat`, `no_telp`, `id_spp`) VALUES
('2021001', 202110, 'Coba ajalah', 1, 'Bogor', '08xx', 1),
('2021002', 210215, 'Coba lagi', 1, 'Bogor', '08xxx', 3),
('6556', 5333, 'asdasdsa', 4, 'sadasd', 'sadasd', 1);

-- --------------------------------------------------------

--
-- Struktur dari tabel `spp`
--

CREATE TABLE `spp` (
  `id_spp` int(11) NOT NULL,
  `tahun` int(4) NOT NULL,
  `nominal` int(11) NOT NULL
) ENGINE=InnoDB DEFAULT CHARSET=utf8mb4;

--
-- Dumping data untuk tabel `spp`
--

INSERT INTO `spp` (`id_spp`, `tahun`, `nominal`) VALUES
(1, 2021, 30000),
(2, 2022, 25000),
(3, 2023, 20000),
(4, 2024, 15000);

--
-- Indexes for dumped tables
--

--
-- Indeks untuk tabel `kelas`
--
ALTER TABLE `kelas`
  ADD PRIMARY KEY (`id_kelas`);

--
-- Indeks untuk tabel `pembayaran`
--
ALTER TABLE `pembayaran`
  ADD PRIMARY KEY (`id_pembayaran`),
  ADD KEY `id_petugas` (`id_petugas`),
  ADD KEY `id_spp` (`id_spp`),
  ADD KEY `nisn` (`nisn`);

--
-- Indeks untuk tabel `petugas`
--
ALTER TABLE `petugas`
  ADD PRIMARY KEY (`id_petugas`);

--
-- Indeks untuk tabel `siswa`
--
ALTER TABLE `siswa`
  ADD PRIMARY KEY (`nisn`),
  ADD KEY `id_kelas` (`id_kelas`),
  ADD KEY `id_spp` (`id_spp`);

--
-- Indeks untuk tabel `spp`
--
ALTER TABLE `spp`
  ADD PRIMARY KEY (`id_spp`);

--
-- AUTO_INCREMENT untuk tabel yang dibuang
--

--
-- AUTO_INCREMENT untuk tabel `kelas`
--
ALTER TABLE `kelas`
  MODIFY `id_kelas` int(11) NOT NULL AUTO_INCREMENT, AUTO_INCREMENT=14;

--
-- AUTO_INCREMENT untuk tabel `pembayaran`
--
ALTER TABLE `pembayaran`
  MODIFY `id_pembayaran` int(11) NOT NULL AUTO_INCREMENT, AUTO_INCREMENT=20;

--
-- AUTO_INCREMENT untuk tabel `petugas`
--
ALTER TABLE `petugas`
  MODIFY `id_petugas` int(11) NOT NULL AUTO_INCREMENT, AUTO_INCREMENT=6;

--
-- AUTO_INCREMENT untuk tabel `spp`
--
ALTER TABLE `spp`
  MODIFY `id_spp` int(11) NOT NULL AUTO_INCREMENT, AUTO_INCREMENT=8;

--
-- Ketidakleluasaan untuk tabel pelimpahan (Dumped Tables)
--

--
-- Ketidakleluasaan untuk tabel `pembayaran`
--
ALTER TABLE `pembayaran`
  ADD CONSTRAINT `pembayaran_ibfk_1` FOREIGN KEY (`nisn`) REFERENCES `siswa` (`nisn`) ON DELETE CASCADE ON UPDATE CASCADE,
  ADD CONSTRAINT `pembayaran_ibfk_2` FOREIGN KEY (`id_spp`) REFERENCES `spp` (`id_spp`) ON DELETE CASCADE ON UPDATE CASCADE,
  ADD CONSTRAINT `pembayaran_ibfk_3` FOREIGN KEY (`id_petugas`) REFERENCES `petugas` (`id_petugas`) ON DELETE CASCADE ON UPDATE CASCADE;

--
-- Ketidakleluasaan untuk tabel `siswa`
--
ALTER TABLE `siswa`
  ADD CONSTRAINT `siswa_ibfk_1` FOREIGN KEY (`id_spp`) REFERENCES `spp` (`id_spp`) ON DELETE CASCADE ON UPDATE CASCADE,
  ADD CONSTRAINT `siswa_ibfk_2` FOREIGN KEY (`id_kelas`) REFERENCES `kelas` (`id_kelas`) ON DELETE CASCADE ON UPDATE CASCADE;
COMMIT;

/*!40101 SET CHARACTER_SET_CLIENT=@OLD_CHARACTER_SET_CLIENT */;
/*!40101 SET CHARACTER_SET_RESULTS=@OLD_CHARACTER_SET_RESULTS */;
/*!40101 SET COLLATION_CONNECTION=@OLD_COLLATION_CONNECTION */;
